WKT_GEOM;ID_PARCHEG;DENOMINAZI;TIPOLOGIA;URL;ANNO_ATTIV;UBICAZIONE;GESTIONE;POSTI_TOT;POSTI_ROT;INTERSCAMB;PARK_RIDE;ZTL;NOTE;POSTI_ABB;TIPO;ID_REALTIM;COORD_X;COORD_Y
POINT (1395904.68266654 4990755.91755764);1;PORTA NUOVA (in costruzione);IN COSTRUZIONE;;;Via Sacchi ang. corso Vittorio Emanuele II;;;;NO;NO;SI;;0;PARCHEGGI IN STRUTTURA;0;1395904,68266654;4990755,91755764
POINT (1395263.22181531 4993290.16704699);14;SPINA 3  (comprensorio Michelin);PARCHEGGI PUBBLICI IN STRUTTURA REALIZZATI;;2003;via Livorno - corso Umbria;PRIVATO;1;1;NO;NO;NO;;0;PARCHEGGI IN STRUTTURA;0;1395263,22181531;4993290,16704699
POINT (1394773.19613674 4987369.33568689);27;LINGOTTO;PARCHEGGI PUBBLICI IN STRUTTURA REALIZZATI;;1997;Lingotto - via Nizza;APCOA / Mantova;3;3;NO;NO;NO;;0;PARCHEGGI IN STRUTTURA;7;1394773,19613674;4987369,33568689
POINT (1396390.17128007 4990846.89690089);32;BODONI;PARCHEGGI PUBBLICI IN STRUTTURA REALIZZATI;http://www.torino.aci.it/index.php?id=137&servizio=3;1998;piazza Bodoni;ACI;468;468;NO;NO;SI;;0;PARCHEGGI IN STRUTTURA;2;1396390,17128007;4990846,89690089
POINT (1395098.51848383 4991856.34808788);8;BOLZANO;PARCHEGGI PUBBLICI IN STRUTTURA REALIZZATI;http://www.bestinparking.it/it/garage/torino/corso-bolzano-47a;2000;corso Bolzano;Parcheggi Italia / Bolzano;858;858;NO;NO;NO;;0;PARCHEGGI IN STRUTTURA;3;1395098,51848383;4991856,34808788
POINT (1396450.91002624 4991660.07195888);33;CASTELLO  (Torre Romana);PARCHEGGI IN STRUTTURA;http://www.gtt.to.it/cms/parcheggi/31-barriera/rotazione/428-san-carlo;2005;via Roma, tra via Bertola e piazza Castello;GTT;84;84;NO;NO;SI;Pa;0;PARCHEGGI IN STRUTTURA;14;1396450,91002624;4991660,07195888
POINT (1395529.13511468 4987591.14392541);2;C.T.O.;PARCHEGGI PUBBLICI IN STRUTTURA REALIZZATI;http://www.bestinparking.it/it/garage/torino/biglieri;;Via Biglieri;Parcheggi Italia;162;162;NO;NO;NO;;0;PARCHEGGI IN STRUTTURA;32;1395529,13511468;4987591,14392541
POINT (1395843.53926394 4988503.60635573);22;D'AZEGLIO GALILEI;PARCHEGGI IN STRUTTURA;http://www.gtt.to.it/cms/parcheggi/31-barriera/rotazione/407-azegliogalilei;2000;c.so M. D'Azeglio - c.so Galileo Galilei;GTT;229;229;NO;NO;NO;;0;PARCHEGGI IN STRUTTURA;4;1395843,53926394;4988503,60635573
POINT (1398144.88511664 4991573.55624177);9;FONTANESI;PARCHEGGI IN STRUTTURA;http://www.gtt.to.it/cms/parcheggi/31-barriera/rotazione/419-fontanesi;2002;via Fontanesi - via Porro;GTT;366;366;NO;NO;NO;;0;PARCHEGGI IN STRUTTURA;16;1398144,88511664;4991573,55624177
POINT (1395988.49826577 4993347.3492834);16;FORTINO;AFFITTO POSTI AUTO IN ABBONAMENTO;http://www.gtt.to.it/cms/parcheggi/30-barriera/abbonati/399-fortino;2010;strada del Fortino;GTT;125;0;NO;NO;NO;;125;PARCHEGGI IN STRUTTURA;0;1395988,49826577;4993347,3492834
POINT (1392626.43592324 4990511.58225578);28;GARDINO;AFFITTO POSTI AUTO IN ABBONAMENTO;http://www.gtt.to.it/cms/parcheggi/30-barriera/abbonati/400-gardino;2009;corso Trapani;GTT;208;0;NO;NO;NO;;208;PARCHEGGI IN STRUTTURA;0;1392626,43592324;4990511,58225578
POINT (1396404.77839663 4992032.29347201);31;ISOLATO SANTO STEFANO;PARCHEGGI IN STRUTTURA;http://www.gtt.to.it/cms/parcheggi/31-barriera/rotazione/431-santostefano;2005;via Porta Palatina / via della Basilica;GTT;500;390;NO;NO;SI;;110;PARCHEGGI IN STRUTTURA;12;1396404,77839663;4992032,29347201
POINT (1396375.8168901 4990322.47721846);24;MADAMA CRISTINA;PARCHEGGI PUBBLICI IN STRUTTURA REALIZZATI;http://www.torino.aci.it/index.php?id=137&servizio=2;2000;piazza Madama Cristina;ACI;338;259;NO;NO;NO;;79;PARCHEGGI IN STRUTTURA;8;1396375,8168901;4990322,47721846
POINT (1395951.52770965 4988788.72211049);26;MAROCCHETTI;AFFITTO POSTI AUTO IN ABBONAMENTO;http://www.gtt.to.it/cms/parcheggi/30-barriera/abbonati/403-marochetti;1998;via Marocchetti - via Tiziano;GTT;63;0;NO;NO;NO;;63;PARCHEGGI IN STRUTTURA;0;1395951,52770965;4988788,72211049
POINT (1397289.62634102 4992482.71364604);11;MODENA;AFFITTO POSTI AUTO IN ABBONAMENTO;http://www.gtt.to.it/cms/parcheggi/30-barriera/abbonati/404-modena;2008;via Modena angolo via Foggia;GTT;48;0;NO;NO;NO;;48;PARCHEGGI IN STRUTTURA;0;1397289,62634102;4992482,71364604
POINT (1394655.83868792 4991631.45159273);12;PALAGIUSTIZIA;PARCHEGGI IN STRUTTURA;http://www.gtt.to.it/cms/parcheggi/31-barriera/rotazione/424-palagiust;1996;corso Vittorio Emanuele II - via Cavalli;GTT;989;485;NO;NO;NO;;504;PARCHEGGI IN STRUTTURA;10;1394655,83868792;4991631,45159273
POINT (1396618.59903572 4992301.52511478);7;PALAZZO;PARCHEGGI PUBBLICI IN STRUTTURA REALIZZATI;http://www.apcoa.it/parcheggio-in/torino/porta-palazzo.html;1998;corso XI Febbraio - via Fiochetto;APCOA / Mantova;853;761;NO;NO;NO;;92;PARCHEGGI IN STRUTTURA;11;1396618,59903572;4992301,52511478
POINT (1393499.85352755 4991580.63259393);3;RACCONIGI;PARCHEGGI IN STRUTTURA;http://www.gtt.to.it/cms/parcheggi/31-barriera/rotazione/425-racconigi;2002;corso Racconigi 49;GTT;200;100;NO;NO;NO;10;100;PARCHEGGI IN STRUTTURA;17;1393499,85352755;4991580,63259393
POINT (1396109.26210648 4990952.28521615);34;ROMA;PARCHEGGI IN STRUTTURA;http://www.gtt.to.it/cms/parcheggi/31-barriera/rotazione/428-san-carlo;1995;piazza Carlo Felice;ACI;348;348;NO;NO;SI;Pa;0;PARCHEGGI IN STRUTTURA;14;1396109,26210648;4990952,28521615
POINT (1396309.52386272 4991338.37022663);30;SAN CARLO;PARCHEGGI IN STRUTTURA;http://www.gtt.to.it/cms/parcheggi/31-barriera/rotazione/428-san-carlo;2006;piazza San Carlo;GTT/ACI;375;375;NO;NO;SI;Pa;0;PARCHEGGI IN STRUTTURA;14;1396309,52386272;4991338,37022663
POINT (1395082.52719124 4990973.36203262);29;STATI UNITI II;PARCHEGGI PUBBLICI IN STRUTTURA REALIZZATI;http://www.apcoa.it/parcheggio-in/torino/corso-stati-uniti.html;2001;corso Stati Uniti, tra corso G. Ferraris e corso D;APCOA / Mantova;200;200;NO;NO;NO;;0;PARCHEGGI IN STRUTTURA;19;1395082,52719124;4990973,36203262
POINT (1398643.6207138 4997145.20640877);13;STURA;PARCHEGGI IN STRUTTURA;http://www.gtt.to.it/cms/parcheggi/31-barriera/rotazione/434-stura;2006;imbocco autostrada   TO - MI;GTT;617;617;SI;SI;NO;Di;0;PARCHEGGI IN STRUTTURA;28;1398643,6207138;4997145,20640877
POINT (1396650.09722757 4990969.27608924);10;VALDO FUSI;PARCHEGGI IN STRUTTURA;http://www.gtt.to.it/cms/parcheggi/31-barriera/rotazione/436-valdofusi;2004;piazzale V. Fusi;GTT;675;493;NO;NO;SI;;182;PARCHEGGI IN STRUTTURA;18;1396650,09722757;4990969,27608924
POINT (1395491.21344207 4987602.30395945);20;VENTIMIGLIA;PARCHEGGI IN STRUTTURA;http://www.gtt.to.it/cms/parcheggi/31-barriera/rotazione/439-xxmiglia;1995;viale Biglieri;GTT;312;312;NO;NO;NO;;0;PARCHEGGI IN STRUTTURA;15;1395491,21344207;4987602,30395945
POINT (1397317.26767764 4991026.86864793);25;VITTORIO;PARCHEGGI PUBBLICI IN STRUTTURA REALIZZATI;http://www.bestinparking.it/it/garage/torino/piazza-vittorio-veneto;2006;piazza Vittorio;Parcheggi Italia / Codelfa;620;520;NO;NO;NO;;100;PARCHEGGI IN STRUTTURA;30;1397317,26767764;4991026,86864793
POINT (1396369.04346625 4989494.18732723);21;V PADIGLIONE;PARCHEGGI IN STRUTTURA;http://www.gtt.to.it/cms/parcheggi/31-barriera/rotazione/435-v-padiglione;1998;viale Ceppi;GTT;327;327;NO;NO;NO;;0;PARCHEGGI IN STRUTTURA;0;1396369,04346625;4989494,18732723
POINT (1393050.34951416 4992091.99793059);5;LERA;AFFITTO POSTI AUTO IN ABBONAMENTO;http://www.gtt.to.it/cms/parcheggi/30-barriera/abbonati/402-lera;2004;via Lera 12/b;GTT;160;0;NO;NO;NO;;160;PARCHEGGI IN STRUTTURA;0;1393050,34951416;4992091,99793059
POINT (1395503.09764716 4987861.48602742);38;BACIGALUPO;PARCHEGGI A BARRIERA;http://www.gtt.to.it/cms/parcheggi/31-barriera/rotazione/408-bacigalupo;2009;VIA VENTIMIGLIA / CORSO SPEZIA;GTT;305;305;NO;NO;NO;;0;PARCHEGGI A BARRIERA;46;1395503,09764716;4987861,48602742
POINT (1393507.53605523 4987771.00657435);19;BUENOS AIRES;AFFITTO POSTI AUTO IN ABBONAMENTO;http://www.gtt.to.it/cms/parcheggi/30-barriera/abbonati/398-buenosaires;2008;via Buenos Aires 4;GTT;105;0;NO;NO;NO;;105;PARCHEGGI IN STRUTTURA;0;1393507,53605523;4987771,00657435
POINT (1392904.48250356 4987029.91363589);39;CAIO MARIO;PARCHEGGI A BARRIERA;http://www.gtt.to.it/cms/parcheggi/31-barriera/rotazione/1630-caio-mario;2006;CORSO AGNELLI;GTT;430;430;SI;SI;NO;di;0;PARCHEGGI A BARRIERA;23;1392904,48250356;4987029,91363589
POINT (1395754.45995186 4991956.57305069);37;CITTADELLA;PARCHEGGI A BARRIERA;http://www.gtt.to.it/cms/parcheggi/31-barriera/rotazione/414-cittadella;;GIARDINO DELLA CITTADELLA;GTT;134;134;NO;NO;SI;;0;PARCHEGGI A BARRIERA;0;1395754,45995186;4991956,57305069
POINT (1396207.91019516 4992310.82678401);6;EMANUELE FILIBERTO;PARCHEGGI PUBBLICI IN STRUTTURA REALIZZATI;http://www.apcoa.it/parcheggio-in/torino/emanuele-filiberto.html;1995;piazza Emanuele Filiberto;APCOA / CST;210;110;NO;NO;SI;Vi;100;PARCHEGGI IN STRUTTURA;5;1396207,91019516;4992310,82678401
POINT (1392894.47545324 4991251.63496649);4;ISONZO;AFFITTO POSTI AUTO IN ABBONAMENTO;http://www.gtt.to.it/cms/parcheggi/30-barriera/abbonati/401-isonzo;2003;via  Serrano;GTT;118;0;NO;NO;NO;;0;PARCHEGGI IN STRUTTURA;0;1392894,47545324;4991251,63496649
POINT (1395699.94522242 4988069.37853794);23;MOLINETTE;PARCHEGGI IN STRUTTURA;http://www.gtt.to.it/cms/parcheggi/30-barriera/abbonati/404-modena;2006;all'interno del complesso Ospedaliero, con ingress;GTT;954;546;NO;NO;NO;54;379;PARCHEGGI IN STRUTTURA;25;1395699,94522242;4988069,37853794
POINT (1395188.54792453 4988406.98379216);35;NIZZA - CARDUCCI;PARCHEGGI IN STRUTTURA;http://www.gtt.to.it/cms/parcheggi/31-barriera/rotazione/423-nizzacarducci;2000;via Chisola - via Pagliani;GTT;375;375;NO;NO;NO;;0;PARCHEGGI IN STRUTTURA;9;1395188,54792453;4988406,98379216
POINT (1395796.83081871 4991302.6875109);36;RE UMBERTO;PARCHEGGI A BARRIERA;http://www.gtt.to.it/cms/parcheggi/31-barriera/rotazione/426-reumberto;;CORSO RE UMBERTO;GTT;130;130;NO;NO;NO;;0;PARCHEGGI A BARRIERA;13;1395796,83081871;4991302,6875109
POINT (1392537.37970754 4989354.05453893);17;SEBASTOPOLI;AFFITTO POSTI AUTO IN ABBONAMENTO;http://www.gtt.to.it/cms/parcheggi/30-barriera/abbonati/405-siracusa-seb;2008;corso Sebastopoli;GTT;105;0;NO;NO;NO;;105;PARCHEGGI IN STRUTTURA;0;1392537,37970754;4989354,05453893
POINT (1399007.55129986 4994399.40465471);15;SOFIA;PARCHEGGI IN STRUTTURA;http://www.gtt.to.it/cms/parcheggi/31-barriera/rotazione/432-sofia;2007;p.za Sofia;GTT;280;280;SI;SI;NO;;0;PARCHEGGI IN STRUTTURA;27;1399007,55129986;4994399,40465471
POINT (1391050.8250111 4992102.45264783);18;VENCHI UNICA;PARCHEGGI IN STRUTTURA;http://www.gtt.to.it/cms/parcheggi/31-barriera/rotazione/438-venchi-unica;2011;corso Francia 323 a- via Mila 26a;GTT;449;449;SI;NO;NO;;0;PARCHEGGI IN STRUTTURA;48;1391050,8250111;4992102,45264783
